DATE,PCU4883204883208
1998-12-01,100.0
1999-01-01,99.8
1999-02-01,99.8
1999-03-01,99.7
1999-04-01,99.7
1999-05-01,99.5
1999-06-01,99.5
1999-07-01,106.9
1999-08-01,103.0
1999-09-01,100.9
1999-10-01,102.6
1999-11-01,102.1
1999-12-01,102.1
2000-01-01,102.2
2000-02-01,102.3
2000-03-01,102.2
2000-04-01,102.2
2000-05-01,102.6
2000-06-01,102.7
2000-07-01,108.3
2000-08-01,108.3
2000-09-01,108.7
2000-10-01,109.4
2000-11-01,108.5
2000-12-01,108.1
2001-01-01,107.6
2001-02-01,107.6
2001-03-01,107.6
2001-04-01,107.6
2001-05-01,107.1
2001-06-01,107.1
2001-07-01,107.2
2001-08-01,106.0
2001-09-01,106.0
2001-10-01,106.3
2001-11-01,106.4
2001-12-01,106.4
2002-01-01,104.8
2002-02-01,104.8
2002-03-01,104.8
2002-04-01,104.5
2002-05-01,104.5
2002-06-01,101.9
2002-07-01,102.1
2002-08-01,102.1
2002-09-01,102.2
2002-10-01,101.9
2002-11-01,101.5
2002-12-01,101.5
2003-01-01,102.0
2003-02-01,102.0
2003-03-01,102.0
2003-04-01,101.4
2003-05-01,101.3
2003-06-01,101.3
2003-07-01,102.7
2003-08-01,102.8
2003-09-01,102.8
2003-10-01,102.9
2003-11-01,102.9
2003-12-01,102.3
2004-01-01,102.4
2004-02-01,102.4
2004-03-01,102.4
2004-04-01,102.4
2004-05-01,101.8
2004-06-01,101.8
2004-07-01,103.4
2004-08-01,103.4
2004-09-01,103.4
2004-10-01,104.7
2004-11-01,104.7
2004-12-01,103.9
2005-01-01,104.2
2005-02-01,104.3
2005-03-01,104.0
2005-04-01,103.9
2005-05-01,104.0
2005-06-01,104.0
2005-07-01,104.3
2005-08-01,104.6
2005-09-01,104.9
2005-10-01,105.2
2005-11-01,105.6
2005-12-01,105.8
2006-01-01,105.9
2006-02-01,105.9
2006-03-01,106.0
2006-04-01,105.8
2006-05-01,105.8
2006-06-01,106.3
2006-07-01,106.3
2006-08-01,106.3
2006-09-01,106.5
2006-10-01,107.4
2006-11-01,107.8
2006-12-01,108.3
2007-01-01,108.9
2007-02-01,109.2
2007-03-01,109.4
2007-04-01,109.3
2007-05-01,109.2
2007-06-01,109.3
2007-07-01,110.2
2007-08-01,109.8
2007-09-01,106.8
2007-10-01,111.3
2007-11-01,111.7
2007-12-01,110.1
2008-01-01,110.2
2008-02-01,110.2
2008-03-01,110.4
2008-04-01,111.2
2008-05-01,111.4
2008-06-01,110.4
2008-07-01,110.9
2008-08-01,110.9
2008-09-01,111.3
2008-10-01,112.9
2008-11-01,112.7
2008-12-01,113.0
2009-01-01,111.7
2009-02-01,112.0
2009-03-01,112.5
2009-04-01,112.8
2009-05-01,112.9
2009-06-01,112.8
2009-07-01,115.6
2009-08-01,115.5
2009-09-01,115.7
2009-10-01,116.8
2009-11-01,118.4
2009-12-01,117.8
2010-01-01,117.3
2010-02-01,117.9
2010-03-01,118.4
2010-04-01,117.5
2010-05-01,117.7
2010-06-01,117.8
2010-07-01,118.4
2010-08-01,117.5
2010-09-01,117.4
2010-10-01,117.4
2010-11-01,117.7
2010-12-01,118.1
2011-01-01,118.0
2011-02-01,117.6
2011-03-01,117.0
2011-04-01,116.5
2011-05-01,117.1
2011-06-01,116.0
2011-07-01,117.0
2011-08-01,118.7
2011-09-01,119.0
2011-10-01,118.5
2011-11-01,118.3
2011-12-01,119.1
2012-01-01,118.8
2012-02-01,120.5
2012-03-01,120.3
2012-04-01,121.3
2012-05-01,120.7
2012-06-01,120.5
2012-07-01,121.4
2012-08-01,122.0
2012-09-01,121.6
2012-10-01,122.8
2012-11-01,123.9
2012-12-01,124.4
2013-01-01,124.4
2013-02-01,124.2
2013-03-01,124.6
2013-04-01,124.8
2013-05-01,124.6
2013-06-01,124.6
2013-07-01,125.2
2013-08-01,125.2
2013-09-01,126.4
2013-10-01,125.9
2013-11-01,126.3
2013-12-01,126.8
2014-01-01,126.9
2014-02-01,127.0
2014-03-01,126.8
2014-04-01,126.6
2014-05-01,126.4
2014-06-01,126.3
2014-07-01,126.3
2014-08-01,126.3
2014-09-01,126.1
2014-10-01,128.2
2014-11-01,128.3
2014-12-01,128.4
2015-01-01,128.6
2015-02-01,129.4
2015-03-01,129.8
2015-04-01,129.1
2015-05-01,129.2
2015-06-01,129.0
2015-07-01,129.3
2015-08-01,129.0
2015-09-01,129.6
2015-10-01,131.0
2015-11-01,131.3
2015-12-01,131.3
2016-01-01,132.4
2016-02-01,131.7
2016-03-01,131.7
2016-04-01,132.5
2016-05-01,132.0
2016-06-01,132.0
2016-07-01,130.4
2016-08-01,130.9
2016-09-01,135.0
2016-10-01,134.9
2016-11-01,135.2
2016-12-01,135.4
2017-01-01,135.5
2017-02-01,135.1
2017-03-01,134.9
2017-04-01,134.9
2017-05-01,136.8
2017-06-01,136.8
2017-07-01,136.7
2017-08-01,138.5
2017-09-01,137.6
2017-10-01,138.6
2017-11-01,139.3
2017-12-01,139.5
2018-01-01,139.4
2018-02-01,139.8
2018-03-01,139.9
2018-04-01,139.8
2018-05-01,140.0
2018-06-01,139.9
2018-07-01,140.2
2018-08-01,140.2
2018-09-01,140.2
2018-10-01,141.2
2018-11-01,141.2
2018-12-01,141.3
2019-01-01,141.3
2019-02-01,141.3
2019-03-01,141.3
2019-04-01,141.2
2019-05-01,141.3
2019-06-01,141.5
2019-07-01,143.7
2019-08-01,145.6
2019-09-01,144.7
2019-10-01,145.2
2019-11-01,145.2
2019-12-01,145.4
2020-01-01,144.9
2020-02-01,144.8
2020-03-01,144.9
2020-04-01,144.9
2020-05-01,144.9
2020-06-01,144.9
2020-07-01,145.2
2020-08-01,145.2
2020-09-01,147.1
2020-10-01,147.7
2020-11-01,147.7
2020-12-01,147.7
2021-01-01,147.6
2021-02-01,147.7
2021-03-01,147.3
2021-04-01,147.3
2021-05-01,147.4
2021-06-01,147.2
2021-07-01,147.607
2021-08-01,148.955
2021-09-01,149.055
2021-10-01,150.219
2021-11-01,150.22
2021-12-01,150.272
2022-01-01,150.705
2022-02-01,150.673
2022-03-01,150.621
2022-04-01,150.604
2022-05-01,150.688
2022-06-01,150.689
2022-07-01,150.626
2022-08-01,150.673
2022-09-01,150.876
2022-10-01,151.682
2022-11-01,151.663
2022-12-01,151.617
2023-01-01,151.993
2023-02-01,148.901
2023-03-01,148.869
2023-04-01,148.879
2023-05-01,148.947
2023-06-01,148.959
2023-07-01,148.965
2023-08-01,149.229
2023-09-01,149.213
2023-10-01,150.618
2023-11-01,152.072
2023-12-01,153.627
2024-01-01,153.828
2024-02-01,154.617
2024-03-01,156.683
2024-04-01,156.826
2024-05-01,156.964
2024-06-01,156.964
2024-07-01,158.299
2024-08-01,160.707
2024-09-01,160.684
2024-10-01,161.65
2024-11-01,161.65
2024-12-01,161.678
2025-01-01,161.525
2025-02-01,161.525
2025-03-01,163.375
2025-04-01,164.253
2025-05-01,164.253
2025-06-01,164.253
2025-07-01,164.837
2025-08-01,165.85
2025-09-01,165.85
2025-10-01,166.971
2025-11-01,166.971
2025-12-01,166.981
2026-01-01,167.153
2026-02-01,167.153
2026-03-01,167.153
2026-04-01,167.153
2026-05-01,167.153
2026-06-01,167.153
2026-07-01,168.379
